Model,Precision,Recall,F1,Precision_WO_O,Recall_WO_O,F1_WO_O
Model1,0.8451181926053483,0.8725452932978589,0.8540143082277525,0.5184144651239736,0.3717948717948718,0.42157268490631994
Model2,0.8601525039009044,0.8658304827061953,0.8565376145984342,0.5385377886971449,0.4411764705882353,0.4523659502298075
Model3,0.862305809538974,0.8784999366527303,0.8619035501311495,0.59032546184,0.36576168929110103,0.43292744223297897
Model4,0.8928735465177396,0.9025718991511466,0.8966528307763595,0.6115128182535002,0.5897435897435898,0.5945928033114366
Model5,0.9182972752663005,0.9217027746104143,0.9195334236778758,0.7052064022533722,0.6689291101055806,0.6844572407858422
Model6,0.9243841306101428,0.9100468769796022,0.9153651082774501,0.6330533885480724,0.7360482654600302,0.6753934203697671
Model7,0.9008074768140947,0.9108070442163942,0.9048741373549805,0.6674308705783119,0.6025641025641025,0.6302562653107181
Model8,0.9203611856968457,0.9182820220448499,0.9187965240250061,0.6626713206757155,0.7111613876319759,0.6839843668673099
Model9,0.928968057057007,0.9143544913214241,0.919340535128268,0.657768682092927,0.746606334841629,0.6899888453760393
